{"cameraMode":{"drawMode":0,"name":"Shaded","section":"Shading Mode"},"sceneLighting":true,"audioPlay":false,"sceneViewState":{"showFog":true,"showMaterialUpdate":false,"showSkybox":true,"showFlares":true,"showImageEffects":true,"showParticleSystems":true},"in2DMode":false,"pivot":{"x":3.1652936935424806,"y":12.678502082824707,"z":17.270044326782228},"rotation":{"x":-0.02629261463880539,"y":-0.9332970976829529,"z":0.35129570960998537,"w":-0.06985033303499222},"size":1.4289418458938599,"orthographic":false}