{"cameraMode":{"drawMode":0,"name":"Shaded","section":"Shading Mode"},"sceneLighting":true,"audioPlay":false,"sceneViewState":{"showFog":true,"showMaterialUpdate":false,"showSkybox":true,"showFlares":true,"showImageEffects":true,"showParticleSystems":true},"in2DMode":false,"pivot":{"x":9.271954536437989,"y":12.149364471435547,"z":17.097209930419923},"rotation":{"x":0.01361662708222866,"y":-0.9372790455818176,"z":0.34638869762420657,"w":0.03685148060321808},"size":1.4289418458938599,"orthographic":false}