{"cameraMode":{"drawMode":0,"name":"Shaded","section":"Shading Mode"},"sceneLighting":true,"audioPlay":false,"sceneViewState":{"showFog":true,"showMaterialUpdate":false,"showSkybox":true,"showFlares":true,"showImageEffects":true,"showParticleSystems":true},"in2DMode":false,"pivot":{"x":0.8754087686538696,"y":2.710209846496582,"z":-7.497375965118408},"rotation":{"x":-0.012475406751036644,"y":-0.8839061856269836,"z":0.46693405508995058,"w":-0.02360658161342144},"size":2.857884645462036,"orthographic":false}