{"cameraMode":{"drawMode":0,"name":"Shaded","section":"Shading Mode"},"sceneLighting":true,"audioPlay":false,"sceneViewState":{"showFog":true,"showMaterialUpdate":false,"showSkybox":true,"showFlares":true,"showImageEffects":true,"showParticleSystems":true},"in2DMode":false,"pivot":{"x":6.654170989990234,"y":11.79871940612793,"z":16.634178161621095},"rotation":{"x":0.02464846335351467,"y":-0.8489786386489868,"z":0.5263720750808716,"w":0.039759308099746707},"size":1.4289418458938599,"orthographic":false}